epoch,train_loss,val_loss,onset_f1,onset_prec,onset_rec,frame_f1,frame_prec,frame_rec,offset_f1,offset_prec,offset_rec
1,0.253607,0.212701,0.625570,0.584777,0.672480,0.497990,0.338370,0.942678,0.295046,0.255340,0.349377
2,0.213704,0.196698,0.646370,0.613497,0.682966,0.537381,0.376262,0.939817,0.312212,0.292777,0.334411
